,a1,a2,b1,b2,c1,c2,d1,d2,e1,e2,a1_similar_time,a1_sensor1,a1_sensor2,a1_sensor3,a1_sensor4,a1_x,a1_y,a1_f,a2_similar_time,a2_sensor1,a2_sensor2,a2_sensor3,a2_sensor4,a2_x,a2_y,a2_f,b1_similar_time,b1_sensor1,b1_sensor2,b1_sensor3,b1_sensor4,b1_x,b1_y,b1_f,b2_similar_time,b2_sensor1,b2_sensor2,b2_sensor3,b2_sensor4,b2_x,b2_y,b2_f,c1_similar_time,c1_sensor1,c1_sensor2,c1_sensor3,c1_sensor4,c1_x,c1_y,c1_f,c2_similar_time,c2_sensor1,c2_sensor2,c2_sensor3,c2_sensor4,c2_x,c2_y,c2_f,d1_similar_time,d1_sensor1,d1_sensor2,d1_sensor3,d1_sensor4,d1_x,d1_y,d1_f,d2_similar_time,d2_sensor1,d2_sensor2,d2_sensor3,d2_sensor4,d2_x,d2_y,d2_f,e1_similar_time,e1_sensor1,e1_sensor2,e1_sensor3,e1_sensor4,e1_x,e1_y,e1_f,e2_similar_time,e2_sensor1,e2_sensor2,e2_sensor3,e2_sensor4,e2_x,e2_y,e2_f
0,61707.113,61708.6295970945,61708.646262825,61709.6461961872,61709.6628329177,61710.0794968931,61710.0961703731,61711.496061200196,61711.5128648915,61712.479314648495,61707.115925,16.4956,17.6184,9.65979,9.61123,0.503024,-4.17055,53.385,61708.619925,15.032,16.5673,10.866,11.4613,0.987741,-2.57905,53.9266,61708.645925,14.9628,16.4642,10.7835,11.5661,1.0618100000000001,-2.53199,53.7766,61709.641924999996,14.765,16.2376,11.1134,11.8104,1.00581,-2.24716,53.9264,61709.660925,14.7551,16.2273,11.1134,11.8453,1.0215299999999998,-2.23123,53.9411,61710.088925,14.7353,16.0933,11.3402,11.9035,0.8883030000000001,-2.10411,54.0723,61710.088925,14.7353,16.0933,11.3402,11.9035,0.8883030000000001,-2.10411,54.0723,61711.502925,14.6364,15.8976,11.433,12.0082,0.850567,-1.97112,53.9752,61711.502925,14.6364,15.8976,11.433,12.0082,0.850567,-1.97112,53.9752,61712.476925,14.6166,15.9182,11.2784,12.0431,0.9591790000000001,-2.00905,53.8563
1,61712.494,61713.6106003208,61713.6272415589,61714.6271775303,61714.6438306483,61715.160516768796,61715.1771647963,61715.9937572585,61716.010555454,61716.8103675016,61712.485925,14.6166,15.9182,11.2784,12.0431,0.9591790000000001,-2.00905,53.8563,61713.616925,14.6166,15.64,11.6082,11.9966,0.655243,-1.85248,53.8615,61713.622925,14.6463,15.6812,11.5876,12.0315,0.68529,-1.8652900000000001,53.9466,61714.627925,14.32,15.6915,11.6392,12.4155,0.993159,-1.65265,54.0661,61714.645925,14.32,15.6915,11.6392,12.4155,0.993159,-1.65265,54.0661,61715.256925,14.4386,15.7018,11.6082,12.3573,0.9297639999999999,-1.7118900000000001,54.106,61715.175925,14.3991,15.6194,11.6186,12.2991,0.8810790000000001,-1.6966700000000001,53.9361,61716.002925,14.1222,15.5885,11.6804,12.5667,1.09004,-1.51883,53.9578,61716.002925,14.1222,15.5885,11.6804,12.5667,1.09004,-1.51883,53.9578,61716.802924999996,14.0628,15.3206,11.8144,12.7529,1.0177100000000001,-1.33902,53.9508
2,61716.826,61717.9426095916,61717.959241559,61718.9592042266,61718.9758282169,61719.5925223768,61719.6091649584,61720.2091313075,61720.2261120907,61720.6590915375,61716.820925,14.0727,15.2794,11.8557,12.7762,0.985101,-1.3115700000000001,53.983999999999995,61717.932925,14.0727,14.9188,12.2577,12.845999999999998,0.662875,-1.0780399999999999,54.0952,61717.958925,13.9936,14.9085,12.3093,12.8344,0.666085,-1.04313,54.0457,61718.949925,13.8749,15.0836,12.0309,12.9274,0.976142,-1.1128799999999999,53.9169,61718.978925,13.9046,15.1248,12.0412,13.0089,1.0114299999999998,-1.10374,54.0796,61719.688925,13.9046,14.8261,12.1959,12.9856,0.79352,-0.987482,53.9122,61719.605924999996,13.8453,14.8055,12.2784,12.9973,0.778428,-0.938808,53.9263,61720.212925,13.954,14.9188,12.1031,13.0903,0.902593,-1.0208,54.0663,61720.228925,13.8551,14.8776,12.134,13.0903,0.9168209999999999,-0.975317,53.9571,61720.652925,13.8156,14.8467,12.1546,13.1136,0.92251,-0.943992,53.9305
3,61720.68,61722.1965867358,61722.2132336972,61723.213123876005,61723.22982846,61723.7464725629,61723.763145993,61724.7630663874,61724.7802688392,61725.146373393305,61720.678925,13.8848,14.8879,12.2062,13.1718,0.9088870000000001,-0.94035,54.1507,61722.199925,13.9837,15.0115,12.0722,12.9391,0.8770819999999999,-1.10653,54.0065,61722.213925,13.9442,15.0527,12.0928,13.0089,0.9356469999999999,-1.0800299999999998,54.0986,61723.205925,13.5387,14.6921,12.3918,13.5441,1.06423,-0.635512,54.1667,61723.219925,13.5387,14.7436,12.2268,13.5092,1.1511799999999999,-0.707059,54.0184,61723.743925,13.7068,15.0527,12.0,13.23,1.19278,-0.9806219999999999,53.9895,61723.761925,13.776,15.0115,12.0515,13.2765,1.13667,-0.958915,54.1156,61724.754925,13.7859,14.9909,12.0722,13.2998,1.1231200000000001,-0.943198,54.1488,61724.773925,13.7661,14.96,12.1443,13.3463,1.10476,-0.895149,54.2168,61725.136925,13.7464,14.857000000000001,12.1753,13.357999999999999,1.05904,-0.8506549999999999,54.1366
4,61725.193,61726.5095969978,61726.5262744804,61727.5262068045,61727.5428492085,61728.1594860014,61728.176136965296,61729.7760252799,61729.7929211394,61730.0760034778,61725.187925,13.7068,14.8879,12.1856,13.4278,1.1175899999999999,-0.824968,54.208,61726.514924999996,13.7167,14.7952,12.1237,13.2998,1.04502,-0.858901,53.9354,61726.532925,13.6969,14.7745,12.0928,13.3812,1.0965200000000002,-0.833462,53.9455,61727.533924999996,13.3903,14.6921,11.8041,13.8816,1.57121,-0.6686350000000001,53.7682,61727.533924999996,13.3903,14.6921,11.8041,13.8816,1.57121,-0.6686350000000001,53.7682,61728.154925,13.5189,14.5788,12.0103,13.7071,1.2806,-0.6634760000000001,53.8151,61728.182925,13.5486,14.5994,12.0,13.7071,1.28023,-0.679858,53.855,61729.776925,13.5486,14.8261,11.8557,13.6721,1.43498,-0.792215,53.9024,61729.796925,13.5782,14.7952,11.8144,13.7071,1.4424,-0.793743,53.8949,61730.077925,13.5486,14.7952,11.8454,13.6489,1.4163299999999999,-0.793909,53.838
5,61730.092,61731.1086344269,61731.125263507594,61732.7251570904,61732.741791972396,61733.158471752395,61733.175139914296,61734.1750591428,61734.19183342889,61734.808354777,61730.092925,13.5189,14.7436,11.8763,13.6256,1.3829,-0.770209,53.7644,61731.109925,13.776,15.0527,11.6598,13.2183,1.31977,-1.10338,53.7069,61731.129925,13.776,15.0321,11.6186,13.2183,1.33091,-1.11043,53.6451,61732.730924999996,13.2024,14.6612,11.9278,14.1725,1.7156900000000002,-0.490142,53.964,61732.834925,13.242,14.6303,11.8866,14.0561,1.6528,-0.537838,53.815,61733.252925,13.2222,14.6818,11.9072,13.9747,1.6394,-0.5639430000000001,53.7859,61733.170925,13.2321,14.7333,11.8866,14.0678,1.70734,-0.559466,53.9198,61734.179925,13.331,14.7436,12.0,13.963,1.56172,-0.586148,54.0377,61734.185925,13.2914,14.6921,12.0,13.9165,1.53857,-0.5752520000000001,53.9001,61734.814925,13.3211,14.8776,11.7629,13.8234,1.6812200000000002,-0.728567,53.785
6,61734.825,61736.34160304529,61736.3582220729,61737.3581674148,61737.374792393195,61737.891487151595,61737.9080913348,61738.7080544887,61738.72479599989,61739.291354752,61734.919925,13.3508,14.7952,11.8866,13.8467,1.5796700000000001,-0.6716850000000001,53.8792,61736.337925,13.1728,14.6612,12.0,14.0445,1.6393,-0.49820299999999995,53.8785,61736.359925,13.0937,14.6715,12.0309,14.0561,1.6726599999999998,-0.46742399999999995,53.8522,61737.449925,13.2123,14.6509,12.0722,14.1143,1.60996,-0.46534200000000003,54.0497,61737.378925,13.1629,14.5788,12.0619,14.0678,1.58796,-0.448863,53.8713,61737.894925,13.1431,14.6303,11.9588,14.0678,1.6711,-0.487051,53.7999,61737.999925,13.1629,14.6818,11.9794,14.0561,1.6683700000000001,-0.503671,53.8802,61738.706925,13.2519,14.6715,12.0412,14.0678,1.59448,-0.5037,54.0324,61738.731925,13.1431,14.7024,11.9691,14.0678,1.6972200000000002,-0.503512,53.8824,61739.294925,13.1629,14.6097,12.0,14.1143,1.6521299999999999,-0.461599,53.8869
7,61739.31,61740.5266103366,61740.543272697294,61742.1430481918,61742.159811926,61742.7764512782,61742.793106572,61743.79305406789,61743.809870727,61744.409679386095,61739.408924999996,13.1332,14.6097,12.0206,14.1027,1.65156,-0.451014,53.8662,61740.524925,13.0244,14.6612,11.8557,14.1376,1.82506,-0.472923,53.6789,61740.548925,13.0244,14.6612,11.8557,14.1376,1.82506,-0.472923,53.6789,61742.144925,12.8464,14.5582,11.8866,14.3936,1.96458,-0.31418,53.6848,61742.249925,12.9058,14.5582,12.0,14.5099,1.92795,-0.26513200000000003,53.9739,61742.766924999996,12.8761,14.62,11.9588,14.4983,1.9848,-0.28887199999999996,53.9531,61742.791925,12.8464,14.5685,11.9588,14.4983,1.97765,-0.266705,53.872,61743.789925,12.797,14.5376,11.9897,14.5681,2.00354,-0.21619699999999997,53.8923,61743.805925,12.797,14.5376,11.9897,14.5681,2.00354,-0.21619699999999997,53.8923,61744.408924999996,12.797,14.6406,11.9485,14.4983,2.03838,-0.275823,53.8843
8,61744.425,61745.8416390279,61745.8583107092,61746.258257232505,61746.2749448462,61746.8915572745,61746.908202614904,61747.9081316971,61747.9248922049,61748.9413893038,61744.420925,12.8168,14.6097,11.9485,14.5099,2.0202400000000003,-0.269485,53.8848,61745.832925,12.6684,14.9703,11.866,14.347000000000001,2.2204200000000003,-0.397122,53.8517,61745.855924999996,12.6387,14.9188,11.7732,14.3587,2.26558,-0.398312,53.6894,61746.248925,11.7388,14.0945,12.8041,15.4292,2.30308,0.665828,54.0666,61746.276925,11.6992,14.0842,12.9381,15.5455,2.2999099999999997,0.7463569999999999,54.2671,61746.889924999996,9.35544,10.4782,16.1856,18.9059,1.7492299999999998,4.1669,54.9251,61746.904925,9.25654,10.2927,16.4639,19.1505,1.68714,4.3684,55.1637,61747.912925,8.43572,8.72667,18.0151,18.8651,0.527814,5.47285,54.0426,61748.010925,8.376380000000001,8.77818,17.892,18.8141,0.614509,5.44505,53.8607,61748.944925,8.59395,8.4897,17.9638,18.967,0.41607299999999997,5.51163,54.0145
9,61748.958,61750.274596948,61750.2912443147,61751.2912035626,61751.3078338093,61751.9244851411,61751.9411252133,61753.1410637128,61753.157887666195,61753.4910419667,61748.960925,8.57417,8.44848,17.8818,19.018,0.468504,5.52937,53.9224,61750.265925,8.623619999999999,8.479389999999999,17.7075,19.018,0.541663,5.46805,53.8285,61750.286925,8.633510000000001,8.5103,17.7793,19.0486,0.530881,5.47065,53.9716,61751.282925,8.18848,8.27333,17.892,19.5989,0.830233,5.84654,53.9528,61751.300925,8.18848,8.27333,17.892,19.5989,0.830233,5.84654,53.9528,61751.917925,8.01047,8.21152,18.1176,19.9149,0.9207989999999999,6.03005,54.2545,61751.941925,8.05003,8.201210000000001,18.0663,19.8639,0.899175,6.00178,54.1815,61753.134925,7.970910000000001,8.1497,18.0663,19.8537,0.9095700000000001,6.05085,54.0407,61753.151925,7.99069,8.08788,18.1074,19.813,0.8346379999999999,6.06728,53.9989,61753.483925,7.88191,8.077580000000001,18.1689,19.9556,0.9163620000000001,6.147390000000001,54.083999999999996
10,61753.508,61754.5246274879,61754.5412794899,61755.541191551805,61755.557850748504,61756.0744921144,61756.0911648618,61757.6910574564,61757.7078232324,61758.0410395851,61753.508925,7.88191,8.077580000000001,18.1689,19.9556,0.9163620000000001,6.147390000000001,54.083999999999996,61754.524925,8.000580000000001,8.098180000000001,18.1894,19.8537,0.813574,6.079680000000001,54.1419,61754.534925,7.94125,8.098180000000001,18.1381,19.8639,0.870964,6.09605,54.0415,61755.544925,7.970910000000001,8.1703,18.0869,19.8537,0.9089290000000001,6.04622,54.0818,61755.556925,7.9808,8.201210000000001,18.0253,19.7722,0.911114,6.0065800000000005,53.9795,61756.071925,7.94125,8.25273,17.9331,19.976,1.08795,6.02048,54.103,61756.094925,7.931360000000001,8.24242,17.9946,19.9454,1.0449899999999999,6.03346,54.1138,61757.681925,7.8918,8.26303,18.0561,20.0168,1.0750600000000001,6.06278,54.2277,61757.701925,7.82257,8.28364,18.0458,20.0066,1.1179299999999999,6.07832,54.1586,61758.045925,8.000580000000001,8.18061,18.0151,19.9454,0.974476,6.033980000000001,54.1417
11,61758.057,61759.0736505868,61759.0903262706,61760.0902580119,61760.1068941096,61760.6235753173,61760.6401841358,61761.6401355065,61761.656893582796,61761.97345659,61758.051925,7.911580000000001,8.1703,18.0356,19.9047,0.984699,6.06928,54.0221,61759.067924999996,7.970910000000001,8.29394,17.9125,20.0779,1.14662,6.0065,54.2553,61759.083925,7.94125,8.29394,17.9843,20.0168,1.09943,6.01975,54.2363,61760.080925,7.911580000000001,8.28364,17.9023,20.0677,1.17119,6.03011,54.1652,61760.104925,7.911580000000001,8.28364,17.9536,20.0168,1.124,6.0301599999999995,54.1656,61760.622925,7.9610199999999995,8.26303,17.9946,19.8537,0.999194,5.99869,54.0723,61760.643925,7.9610199999999995,8.29394,17.9843,19.8333,1.0088,5.98159,54.0726,61761.643925,7.901689999999999,8.39697,17.892,20.0474,1.22175,5.98493,54.2381,61761.653925,7.901689999999999,8.30424,17.892,20.0168,1.16757,6.0158,54.1148,61761.971925,7.88191,8.38667,17.8408,19.9353,1.20236,5.96936,54.0446
12,61761.99,61763.2066497451,61763.2232603623,61764.6231774805,61764.639828216896,61765.0564878624,61765.073135101295,61766.073080393195,61766.0899260024,61766.406376529296,61762.081925,7.9610199999999995,8.34545,17.851,19.8945,1.12295,5.94956,54.052,61763.210925,7.95113,8.35576,17.8408,19.9047,1.14173,5.94939,54.0523,61763.220925,7.9808,8.33515,17.8613,19.9353,1.12189,5.95443,54.1125,61764.628925,7.99069,8.30424,17.9023,19.9251,1.07918,5.96771,54.1223,61764.630925,7.911580000000001,8.23212,17.9125,19.8639,1.0533700000000001,6.018,53.9202,61765.058925,7.9610199999999995,8.28364,17.8408,19.8231,1.06893,5.95988,53.9086,61765.073925,7.9610199999999995,8.28364,17.8408,19.8231,1.06893,5.95988,53.9086,61766.073925,7.95113,8.38667,17.8613,19.976,1.17686,5.952780000000001,54.1751,61766.083925,7.901689999999999,8.33515,17.892,19.9149,1.13625,5.98684,54.0437,61766.404925,7.901689999999999,8.27333,17.851,19.9149,1.12878,6.00403,53.9409
13,61766.423,61767.739589831304,61767.7562386412,61768.956168225304,61768.9728167079,61769.5894596574,61769.606121485005,61770.606059660306,61770.6228220166,61770.972696705605,61766.427924999996,7.911580000000001,8.28364,17.851,19.9353,1.1375600000000001,5.999569999999999,53.9815,61767.741925,7.88191,8.38667,17.8613,19.9454,1.1969100000000001,5.97449,54.0753,61767.844925,7.8918,8.31455,17.851,19.9556,1.1697899999999999,5.99864,54.013000000000005,61768.949925,7.931360000000001,8.27333,17.8613,19.9353,1.11847,5.9976,54.0012,61768.977925,7.921469999999999,8.30424,17.8203,19.9251,1.1522700000000001,5.98088,53.971000000000004,61769.590925,7.931360000000001,8.28364,17.9433,19.9862,1.10592,6.01572,54.1445,61769.615925,7.911580000000001,8.29394,17.9433,19.9862,1.12001,6.0193900000000005,54.135,61770.603925,7.852239999999999,8.29394,17.9228,19.9556,1.1451,6.03399,54.0246,61770.625925,7.852239999999999,8.29394,17.9125,20.0168,1.17703,6.04243,54.0755,61770.964925,7.95113,8.18061,17.9433,19.8945,1.01013,6.0328599999999994,53.9695
14,61770.989,61772.0056219921,61772.0222800229,61773.0222110035,61773.0388754684,61773.6555101851,61773.6721690264,61774.888734402804,61774.9055390822,61775.2554085031,61770.993925,7.94125,8.22182,17.9331,19.8843,1.03362,6.01726,53.9804,61772.011925,7.921469999999999,8.34545,17.81,19.9556,1.18892,5.9682699999999995,54.0326,61772.104925,7.911580000000001,8.34545,17.7895,19.9658,1.20815,5.9703800000000005,54.0124,61773.014924999996,7.8621300000000005,8.39697,17.8203,19.976,1.24437,5.97642,54.0554,61773.037925,7.901689999999999,8.31455,17.7895,20.0066,1.21729,5.993040000000001,54.0123,61773.658924999996,7.81268,8.31455,17.9023,19.9862,1.1967700000000001,6.04304,54.0157,61773.673925,7.81268,8.25273,17.9125,19.9964,1.16903,6.070530000000001,53.9744,61774.892925,7.87202,8.23212,17.892,19.9047,1.10051,6.0368,53.9009,61774.896925,7.88191,8.21152,17.9433,19.9251,1.07083,6.05288,53.9618,61775.246925,7.901689999999999,8.26303,17.8305,19.9149,1.13415,6.004630000000001,53.9101
15,61775.273,61776.3896682242,61776.4063146307,61777.4062611883,61777.4229035923,61778.039564067,61778.0562113339,61778.456188350305,61778.4729367008,61778.989470627,61775.267925,7.911580000000001,8.25273,17.8203,19.9047,1.12526,6.00137,53.8892,61776.391924999996,7.84235,8.16,17.9741,20.0677,1.11544,6.11707,54.0442,61776.407925,7.82257,8.18061,17.9843,20.0168,1.10663,6.11005,54.0043,61777.406925,7.81268,8.27333,17.9125,20.027,1.1916,6.06755,54.0255,61777.430925,7.83246,8.27333,17.9023,19.9964,1.17351,6.0530800000000005,54.0045,61778.029925,7.94125,8.24242,17.81,19.976,1.14286,6.00402,53.9697,61778.155925,7.87202,8.33515,17.8715,19.9454,1.17403,6.00004,54.0241,61778.452925,7.911580000000001,8.22182,17.8613,20.0066,1.1368,6.03721,54.0013,61778.468925,7.911580000000001,8.22182,17.8613,20.0066,1.1368,6.03721,54.0013,61778.984925,7.802789999999999,8.19091,17.9638,20.1187,1.17566,6.12714,54.0762
16,61779.006,61780.0226270826,61780.039276958705,61781.0392168547,61781.0558629058,61781.4725124701,61781.4891718164,61781.8891596747,61781.9059029845,61782.6057618285,61779.011925,7.76323,8.19091,18.0048,20.027,1.13448,6.13428,53.9859,61780.021925,7.87202,8.30424,17.9638,19.9964,1.13824,6.03584,54.1365,61780.047925,7.83246,8.23212,17.892,19.9862,1.15578,6.06577,53.9428,61781.046925,7.84235,8.30424,17.727999999999998,20.0066,1.27155,6.00989,53.8812,61781.046925,7.84235,8.30424,17.727999999999998,20.0066,1.27155,6.00989,53.8812,61781.462925,7.802789999999999,8.24242,17.8613,19.9964,1.19416,6.06993,53.9029,61781.479925,7.84235,8.24242,17.9433,19.976,1.12621,6.064690000000001,54.0041,61781.888925,7.852239999999999,8.19091,18.0048,19.9658,1.06439,6.08942,54.0138,61781.898925,7.77312,8.18061,17.9638,20.0066,1.13598,6.12435,53.9241,61782.699925,7.783010000000001,8.31455,17.851,20.0677,1.27195,6.05961,54.0163
17,61782.622,61784.1385913712,61784.155235723505,61784.755149568504,61784.771838348,61785.2885380192,61785.305140531505,61786.3050854183,61786.3218467366,61786.6717365474,61782.620925,7.8621300000000005,8.26303,17.9331,20.0576,1.16667,6.06074,54.1158,61784.142925,7.8621300000000005,8.40727,17.6972,19.9149,1.28188,5.94156,53.8815,61784.151925,7.8621300000000005,8.34545,17.7075,19.9454,1.26312,5.9724699999999995,53.8605,61784.757925,7.8621300000000005,8.30424,17.8715,20.0066,1.19216,6.02608,54.0445,61784.762925,7.88191,8.29394,17.9023,19.9556,1.14066,6.01903,54.0338,61785.279925,7.88191,8.22182,17.8613,19.976,1.1376600000000001,6.0437,53.941,61785.299925,7.83246,8.33515,17.8203,19.8741,1.18661,5.99498,53.861999999999995,61786.306925,7.921469999999999,8.26303,17.7485,19.9251,1.16888,5.98492,53.858000000000004,61786.411925,7.911580000000001,8.32485,17.8408,19.9556,1.16972,5.98525,54.0328,61786.661925,7.931360000000001,8.19091,17.8305,19.8741,1.0697,6.01438,53.8269
18,61786.688,61787.8046250408,61787.8212842873,61788.8211694255,61788.837853342004,61789.2545359587,61789.2711828203,61789.8711439512,61789.8878823981,61790.5211054935,61786.678925,7.921469999999999,8.26303,17.8408,19.9658,1.14214,6.00713,53.9911,61787.813925,7.83246,8.24242,18.0048,19.9658,1.09674,6.077030000000001,54.0455,61787.813925,7.83246,8.24242,18.0048,19.9658,1.09674,6.077030000000001,54.0455,61788.823925,7.7929,8.24242,17.7485,19.9658,1.24041,6.04999,53.7496,61788.828925,7.84235,8.28364,17.8203,19.9658,1.19957,6.02651,53.9121,61789.333925,7.8918,8.29394,17.851,19.9454,1.1562,6.00496,53.9822,61789.266924999996,7.852239999999999,8.21152,17.7793,19.9658,1.18282,6.04398,53.8088,61789.868925,7.911580000000001,8.366060000000001,17.769000000000002,19.8945,1.19573,5.947,53.9411,61789.882925,7.88191,8.29394,17.7177,19.9251,1.21675,5.983140000000001,53.8186,61790.512925,7.83246,8.25273,17.7895,19.8945,1.17411,6.0254199999999996,53.7692
19,61802.155,61803.67157637719,61803.6882353182,61804.688171062,61804.7048406174,61805.3214742961,61805.3381170274,61806.3380388152,61806.3548090488,61806.8546915279,61802.147925,14.043,12.8273,14.2371,13.2416,-1.01716,0.167917,54.349,61803.661925,11.2245,11.4879,15.700999999999999,16.1157,0.310829,2.5044299999999997,54.5291,61803.686925,11.1652,11.5497,15.5979,16.2204,0.46162,2.504,54.5332,61804.679925,10.6114,10.8079,15.5773,17.0612,0.777087,3.11311,54.0578,61804.696925,10.7696,10.777000000000001,15.5567,17.1019,0.716054,3.07498,54.2052,61805.313925,10.5323,10.6121,15.5464,17.3771,0.8834,3.2678599999999998,54.0679,61805.329925,10.4631,10.6533,15.4845,17.3261,0.9419559999999999,3.2528,53.9271,61806.345925,10.6608,10.9006,15.1753,17.2548,1.07392,3.01953,53.9915,61806.345925,10.6608,10.9006,15.1753,17.2548,1.07392,3.01953,53.9915,61806.863925,10.7301,10.9418,15.1237,17.1835,1.0520200000000002,2.95539,53.9791
20,61806.871,61808.0876908525,61808.1043170965,61809.104259957,61809.1209082121,61809.5376016426,61809.5542373849,61810.5541113539,61810.5709014445,61810.9374866186,61806.863925,10.7301,10.9418,15.1237,17.1835,1.0520200000000002,2.95539,53.9791,61808.095925,10.74,10.9006,14.9485,17.1631,1.1047200000000001,2.9220099999999998,53.7521,61808.095925,10.74,10.9006,14.9485,17.1631,1.1047200000000001,2.9220099999999998,53.7521,61809.096925,10.6411,10.8903,14.8557,17.3873,1.29283,2.98793,53.7743,61809.114925,10.5718,10.9212,14.866,17.3975,1.33978,3.00533,53.7565,61809.630925,10.8389,11.0036,14.8351,17.2242,1.18454,2.84317,53.9018,61809.553925,10.7993,10.9418,14.9175,17.2548,1.1498899999999999,2.9022099999999997,53.9134,61810.546925,11.0169,11.3024,14.5979,17.0204,1.25515,2.58605,53.9376,61810.579925,11.0366,11.3127,14.5979,17.051,1.2635100000000001,2.58328,53.9983,61810.934925,10.9674,11.1788,14.732000000000001,16.9884,1.1453200000000001,2.66607,53.8665
21,61810.954,61811.9706204709,61811.9872766033,61812.7871863647,61812.803857313396,61813.2205249361,61813.237167845,61814.2371218248,61814.253866350395,61814.5870873385,61810.963925,10.9081,11.1994,14.7835,17.0,1.16337,2.69322,53.891000000000005,61811.970925,10.8982,11.2818,14.6804,17.0408,1.2726899999999999,2.65518,53.9012,61811.984925,10.9575,11.2715,14.6082,17.1121,1.30578,2.63895,53.9494,61812.787925,10.9575,11.2921,14.6701,17.0102,1.2398799999999999,2.62303,53.9299,61812.793925,10.9575,11.2921,14.6701,17.0102,1.2398799999999999,2.62303,53.9299,61813.218925,10.8784,11.117,14.8557,17.0917,1.14686,2.7673799999999997,53.9428,61813.242925,10.8389,11.1685,14.8247,17.1121,1.21282,2.76105,53.9442,61814.236925,10.74,11.0861,14.7938,17.2242,1.28914,2.83931,53.8441,61814.350925,10.8191,11.117,14.8041,17.2344,1.2636399999999999,2.80757,53.9746,61814.672925,10.8389,11.1479,14.7423,17.1019,1.23938,2.7467799999999998,53.8309
22,61814.604,61815.7206187844,61815.737275777195,61817.1371913242,61817.1537944194,61817.6704775255,61817.687109976,61818.6870423002,61818.703777277595,61819.053705914,61814.607925,10.8487,11.0964,14.7216,17.1223,1.23086,2.7604599999999997,53.7891,61815.718925,10.829,11.0139,14.9485,17.051,1.0621200000000002,2.82951,53.8423,61815.734925,10.7202,10.9521,14.9381,17.0815,1.1059999999999999,2.8907599999999998,53.692,61817.127925,10.5521,10.7667,15.1237,17.3363,1.1283299999999998,3.10754,53.7788,61817.156925,10.5422,10.7667,15.0412,17.3465,1.17781,3.0948700000000002,53.6966,61817.667925,10.5718,10.9212,14.9381,17.3669,1.291,3.0146,53.7981,61817.683925,10.5718,10.9212,14.9381,17.3669,1.291,3.0146,53.7981,61818.678925,10.5817,10.8388,15.0206,17.3567,1.20504,3.055,53.7979,61818.705925,10.5422,10.777000000000001,15.0619,17.4077,1.1994200000000002,3.1095,53.7887,61819.043925,10.4828,10.8491,14.9897,17.4586,1.31795,3.10051,53.7803
23,61819.07,61820.3865971256,61820.4032037901,61821.0032413625,61821.0198720643,61821.6365210145,61821.6531817043,61822.6531103813,61822.669857516,61823.4030734791,61819.079925,10.4631,10.8079,15.0206,17.479,1.30332,3.13239,53.7706,61820.391924999996,10.2554,10.5606,15.2062,17.7338,1.31746,3.3830699999999996,53.756,61820.398925,10.2554,10.5503,15.2062,17.7644,1.32639,3.39319,53.7763,61820.998925,10.2356,10.6533,15.0825,17.9173,1.50891,3.37106,53.8887,61821.107925,10.196,10.6533,15.2165,17.8867,1.44918,3.4068300000000002,53.9526,61821.645925,10.2356,10.4679,15.3093,17.9784,1.3434700000000002,3.4961900000000004,53.9912,61821.645925,10.2356,10.4679,15.3093,17.9784,1.3434700000000002,3.4961900000000004,53.9912,61822.646925,10.2554,10.5709,15.267999999999999,17.8969,1.3633600000000001,3.4279599999999997,53.9912,61822.670925,10.196,10.5091,15.1959,17.9988,1.44526,3.47577,53.8998,61823.502925,10.1466,10.4679,15.1753,17.9377,1.43487,3.4894,53.7274
24,61823.42,61824.8365898655,61824.8532267737,61825.8531707222,61825.869801374,61826.2864712006,61826.303120821,61827.7030319103,61827.7197887709,61828.119680181,61823.428925,10.2059,10.5297,15.267999999999999,17.9886,1.40962,3.47856,53.9923,61824.832925,10.1466,10.4782,15.2887,18.1007,1.4550100000000001,3.5448,54.0142,61824.857925,10.1466,10.5091,15.2887,18.0396,1.44182,3.5212,53.9839,61825.856925,10.1664,10.4782,15.1856,17.9988,1.45138,3.49435,53.8289,61825.861925,10.1664,10.4782,15.1856,17.9988,1.45138,3.49435,53.8289,61826.376925,10.1268,10.4576,15.3196,18.0192,1.4049399999999999,3.5479300000000005,53.9232,61826.311925,10.0774,10.4473,15.1649,18.009,1.49629,3.5334199999999996,53.6986,61827.696925,10.0873,10.437000000000001,15.2371,18.1517,1.51367,3.57925,53.913000000000004,61827.725925,10.0675,10.3958,15.2062,18.2536,1.56505,3.6153,53.923,61828.111925,10.0576,10.3545,15.3299,18.0905,1.41995,3.62465,53.8326
25,61828.137,61829.553589588104,61829.570261219604,61830.3701926865,61830.3868458045,61830.8034954685,61830.8201255375,61831.820103426704,61831.836907523204,61832.2867350106,61828.129925,10.0576,10.302999999999999,15.3814,18.1007,1.37656,3.65551,53.8428,61829.554925,10.0477,10.3958,15.2577,18.1721,1.5139200000000002,3.6158,53.8733,61829.579925,9.968589999999999,10.3339,15.2371,18.1823,1.54057,3.66243,53.7219,61830.364925,9.88947,10.3133,15.267999999999999,18.488,1.6882400000000002,3.76766,53.9589,61830.389924999996,9.840019999999999,10.302999999999999,15.3299,18.5288,1.6952599999999998,3.80977,54.0017,61830.795925,9.78069,10.0867,15.5979,18.437,1.4587,3.9425800000000004,53.9023,61830.882925,9.74113,10.097000000000001,15.6392,18.4065,1.44902,3.95506,53.8837,61831.910925,9.840019999999999,10.1794,15.4948,18.4269,1.5161799999999999,3.86596,53.9411,61831.834925,9.800469999999999,10.1176,15.433,18.5186,1.57914,3.9076400000000002,53.8696,61832.279925,9.74113,10.097000000000001,15.5258,18.488,1.54037,3.94852,53.8519
26,61832.303,61833.519584401,61833.5362494207,61834.7361464076,61834.7527922312,61835.1694756583,61835.186103168,61836.1860709261,61836.2028182884,61836.569368028504,61832.294925,9.849910000000001,10.0248,15.4845,18.437,1.45337,3.91667,53.7963,61833.514924999996,9.800469999999999,10.0042,15.5155,18.5594,1.50691,3.97278,53.8795,61833.530925,9.76091,9.93212,15.4845,18.5695,1.5146,4.00795,53.7471,61834.734925,9.66201,10.0248,15.5155,18.6001,1.60192,4.02269,53.8024,61834.746925,9.66201,10.0248,15.5155,18.6001,1.60192,4.02269,53.8024,61835.173925,9.63234,9.93212,15.567,18.8141,1.64375,4.1199,53.9456,61835.187925,9.592789999999999,9.93212,15.6186,18.7122,1.59362,4.1237699999999995,53.8557,61836.181925,9.75102,9.92182,15.4639,18.6613,1.5651899999999999,4.02961,53.798,61836.195925,9.800469999999999,10.0145,15.4536,18.6409,1.57735,3.97318,53.9095,61836.570925,9.65212,9.90121,15.5876,18.7836,1.59715,4.12183,53.9245
